Date,Actual,LGBM_Pred,LGBM_Lower_90,LGBM_Upper_90
2025-05-18 13:00:00,13890.0,13757.685594929113,13593.930113692571,13989.253151201803
2025-05-18 14:00:00,14130.0,13993.266851231157,13650.78473435751,14238.617229593894
2025-05-18 15:00:00,14020.0,13964.49269824855,13836.285764984954,14180.938318318604
2025-05-18 16:00:00,13735.0,13834.108127246911,13515.49517494208,13911.286872272734
2025-05-18 17:00:00,12980.0,13493.512071922913,13158.517373491502,13774.959071263907
2025-05-18 18:00:00,14545.0,14184.452790563935,13747.966878981673,14723.505754064934
2025-05-18 19:00:00,14650.0,14597.296188229226,14317.759909322094,14802.712611514726
2025-05-18 20:00:00,14310.0,14625.149635214604,14354.708763916547,14934.444304003648
2025-05-18 21:00:00,14030.0,13961.562199138958,13857.713573099365,14406.212402646435
2025-05-18 22:00:00,13700.0,13713.042999803196,13422.104096916026,14123.858911528041
2025-05-18 23:00:00,13630.0,13350.26072614974,13093.156180477556,13598.73848279922
2025-05-19 00:00:00,13430.0,13223.407566550157,12926.20858089107,13461.808011661333
2025-05-19 01:00:00,13080.0,13026.771494075374,12705.674746161347,13217.962845306596
2025-05-19 02:00:00,12780.0,12761.662270978386,12497.684613991603,13024.98672741615
2025-05-19 03:00:00,12520.0,12394.594316317378,12114.168997149254,12693.44656744356
2025-05-19 04:00:00,12160.0,12179.765288470293,11805.946131836263,12436.93946154655
2025-05-19 05:00:00,11770.0,11578.769546698068,11291.020772473343,11987.872899726899
2025-05-19 06:00:00,11785.0,11633.726685577769,11259.643116141622,11801.555815681893
2025-05-19 07:00:00,11760.0,11814.69329904483,11523.870169878384,11997.81774979446
2025-05-19 08:00:00,11760.0,11977.238523775768,11632.031904413132,12240.81460788026
2025-05-19 09:00:00,12380.0,12042.898743533728,11686.079889144072,12280.236072226593
2025-05-19 10:00:00,12830.0,12725.539628217455,12423.923972305178,12977.825044390918
2025-05-19 11:00:00,13120.0,13162.805890494184,12809.465988493057,13397.958081725666
2025-05-19 12:00:00,13050.0,13460.3323358233,13141.183583540798,13730.235295322833
2025-05-19 13:00:00,12860.0,13182.312084630115,12871.433568373908,13438.376327622953
2025-05-19 14:00:00,13030.0,13144.554281831695,12720.848251438167,13352.02629920488
2025-05-19 15:00:00,13100.0,13047.722398458865,12678.537671440003,13314.233570726597
2025-05-19 16:00:00,12830.0,12940.77982567833,12656.28140212561,13183.900687729772
2025-05-19 17:00:00,12640.0,12668.596269880027,12253.611925330157,12920.1603000984
2025-05-19 18:00:00,14362.5,14341.106180648383,13302.09350396286,14495.039661326537
2025-05-19 19:00:00,14610.0,14566.351570316123,14187.698686332042,14759.081541583064
2025-05-19 20:00:00,14725.0,14714.305327588001,14425.303941003283,15030.793308341656
2025-05-19 21:00:00,14490.0,14540.8811375114,14325.310563948842,14813.081731599954
2025-05-19 22:00:00,14415.0,14366.598490708575,14152.678770355305,14609.125820871002
2025-05-19 23:00:00,14320.0,14271.355406815623,14030.789519970876,14522.214953160472
2025-05-20 00:00:00,13680.0,13955.786885586507,13704.989987157895,14185.307654953687
2025-05-20 01:00:00,13280.0,13372.28927031738,13117.450735936545,13551.816483241135
2025-05-20 02:00:00,13000.0,13022.696848478688,12800.715813612638,13286.376663024968
2025-05-20 03:00:00,12795.0,12684.01505688629,12460.222724932817,12866.85656546494
2025-05-20 04:00:00,12565.0,12507.55285469151,12176.901217249595,12667.770002945841
2025-05-20 05:00:00,12283.0,12057.482561073693,11833.872165208088,12437.743251729324
2025-05-20 06:00:00,12277.0,12230.29006880241,11767.53953019236,12336.180530816086
2025-05-20 07:00:00,12220.0,12297.562596262169,11993.7341349815,12467.688887257083
2025-05-20 08:00:00,12490.0,12452.725525440359,12060.730871413967,12804.509735625963
2025-05-20 09:00:00,12690.0,12802.03092659499,12456.237835799851,13127.794701476338
2025-05-20 10:00:00,12780.0,13042.411743364588,12729.676296065642,13296.031586180285
2025-05-20 11:00:00,13040.0,13161.151923535926,12804.553919178605,13422.203604855122
2025-05-20 12:00:00,12789.0,13310.893129793943,13047.03737481149,13603.79510682196
2025-05-20 13:00:00,12490.0,12872.924726483823,12487.909715545788,13184.84418820159
2025-05-20 14:00:00,12830.0,12661.942333499315,12288.656702150754,12942.842945696528
2025-05-20 15:00:00,12120.0,12693.576372703086,12371.431306960969,13022.91812015359
2025-05-20 16:00:00,11950.0,11937.362480915619,11590.14092607971,12258.324102268249
2025-05-20 17:00:00,11870.0,11889.90241215195,11487.857653031922,12778.685529474877
2025-05-20 18:00:00,13238.0,13720.457771291907,12578.428885739391,14134.432189254008
2025-05-20 19:00:00,13390.0,13606.02578605913,12954.400348958858,13962.548648695465
2025-05-20 20:00:00,13320.0,13568.04909395875,13019.599767041233,13979.725437754925
2025-05-20 21:00:00,13100.0,13391.791542236617,12971.535053105932,13681.826711639333
2025-05-20 22:00:00,13130.0,13076.178407047144,12593.578526219782,13417.175658445056
2025-05-20 23:00:00,12870.0,13118.7776430018,12676.725070092958,13335.449382507519
2025-05-21 00:00:00,12430.0,12534.440684349156,12288.08881869665,12676.079615429544
2025-05-21 01:00:00,12035.0,12097.912616137226,11883.762900161799,12341.489797441656
2025-05-21 02:00:00,11785.0,11725.255049865604,11581.075452922885,12134.795991097135
2025-05-21 03:00:00,11675.0,11535.59345344735,11295.257154208512,12033.191942219848
2025-05-21 04:00:00,11540.0,11388.57911742658,11130.16854953293,11945.76200419197
2025-05-21 05:00:00,11270.0,11029.099174209807,10710.832983975504,11686.659580803296
2025-05-21 06:00:00,11575.0,11217.573909353909,10854.478091037718,11859.0923246214
2025-05-21 07:00:00,11765.0,11716.009488660711,11312.054108364442,12163.43108066053
2025-05-21 08:00:00,12155.0,12102.43114285022,11721.22239659042,12615.786402783151
2025-05-21 09:00:00,12710.0,12501.52908437984,12066.532689636355,12805.880216861091
2025-05-21 10:00:00,13035.0,13036.799728374172,12733.960178204385,13292.231919375114
2025-05-21 11:00:00,13645.0,13375.928547987864,13080.740180146573,13637.033259858688
2025-05-21 12:00:00,13755.0,13902.013806908584,13674.902876822436,14173.555561664756
2025-05-21 13:00:00,14010.0,13824.402053996439,13581.338013296325,14072.843156371162
2025-05-21 14:00:00,13930.0,14153.045863553703,13906.186644216705,14301.54948184676
2025-05-21 15:00:00,13035.0,13663.026990844046,13442.783848522926,14044.108251925882
2025-05-21 16:00:00,12680.0,12768.621538263955,12441.249540707087,13030.8443207026
2025-05-21 17:00:00,12644.0,12458.472330093671,12193.977246599614,12813.729661612666
2025-05-21 18:00:00,14122.5,14035.097587323933,13281.735682715498,14387.268318030465
2025-05-21 19:00:00,14193.0,14275.771270595797,13988.586726813432,14515.499144310132
2025-05-21 20:00:00,14090.0,14225.642586562297,13931.526682033376,14431.032746556766
2025-05-21 21:00:00,13615.0,13961.73098344869,13653.773100108983,14135.598535900917
2025-05-21 22:00:00,13170.0,13551.323575681492,13208.23720252446,13813.967125470464
2025-05-21 23:00:00,12910.0,12995.009339515738,12619.448849154884,13215.059372810269
2025-05-22 00:00:00,12875.0,12575.731930205191,12337.86718008369,12688.882703535008
2025-05-22 01:00:00,12660.0,12555.38295211961,12355.646816000679,12671.059385394963
2025-05-22 02:00:00,12180.0,12368.365364304822,12132.513372094396,12573.39331699159
2025-05-22 03:00:00,11855.0,11839.305339809955,11674.407219723858,12046.31826962011
2025-05-22 04:00:00,11750.0,11610.056278193813,11356.24036064315,11764.834596680672
2025-05-22 05:00:00,11215.0,11280.506003966157,10947.343856427375,11589.831833697595
2025-05-22 06:00:00,11650.0,11129.4298367052,10812.734007306488,11544.364580775615
2025-05-22 07:00:00,11780.0,11741.566561713482,11313.096889152017,11937.82240675865
2025-05-22 08:00:00,12095.0,12085.491620771554,11692.269481239422,12332.736190678963
2025-05-22 09:00:00,12760.0,12461.371255099513,12093.51986158523,12743.776838247612
2025-05-22 10:00:00,12880.0,13110.060843784775,12799.91224221106,13406.18750204575
2025-05-22 11:00:00,13375.0,13273.345901825103,12951.821400089051,13526.472935177362
2025-05-22 12:00:00,13585.0,13642.398883938953,13350.358761118581,13936.98164969942
2025-05-22 13:00:00,13560.0,13704.747190403707,13442.76514086643,13954.251885475329
2025-05-22 14:00:00,13540.0,13743.34180159576,13499.417457561567,13991.195697430872
2025-05-22 15:00:00,13620.0,13421.455452318995,13203.411888824774,13649.831257963055
2025-05-22 16:00:00,13420.0,13371.708129651284,13197.839501471855,13590.804271825937
2025-05-22 17:00:00,13150.0,13217.073077684936,12912.336188924723,13369.065282555757
2025-05-22 18:00:00,14950.0,14752.513785894947,13992.913029879142,15175.785922299596
2025-05-22 19:00:00,15050.0,15142.178195139306,14753.36616135856,15426.516248004074
2025-05-22 20:00:00,15120.0,15094.522203678765,14748.601253435156,15360.605328539168
2025-05-22 21:00:00,15100.0,14817.732450509402,14652.620033466677,15139.496082089945
2025-05-22 22:00:00,14950.0,14722.42252560879,14612.500507414316,15083.399829433876
2025-05-22 23:00:00,14730.0,14599.782358352246,14511.620954659242,14979.635835284382
2025-05-23 00:00:00,14310.0,14129.712432804252,14011.503956247087,14293.334165094133
2025-05-23 01:00:00,13930.0,13807.685806602341,13724.44382449469,14186.59892101279
2025-05-23 02:00:00,13500.0,13552.590700062734,13311.564997216528,13927.16300596173
2025-05-23 03:00:00,13240.0,13123.944005575571,12775.06592751489,13333.701342787552
2025-05-23 04:00:00,13060.0,12897.67785456584,12604.459825425381,13191.202933441546
2025-05-23 05:00:00,12160.0,12498.444880489436,12221.355011829512,12838.531440037103
2025-05-23 06:00:00,11902.0,11865.636091655639,11562.37219231518,12165.96873623388
2025-05-23 07:00:00,11552.0,11731.804493905036,11600.441821085094,12048.553788730609
2025-05-23 08:00:00,11743.0,11699.560305933273,11428.612858472443,12085.137714420343
2025-05-23 09:00:00,11979.0,11984.988570402906,11686.988038358544,12431.225898317607
2025-05-23 10:00:00,12257.0,12304.221543200936,12019.350964558638,12584.60747120764
2025-05-23 11:00:00,12614.0,12669.701050119016,12297.8057076948,12817.322573063891
2025-05-23 12:00:00,13054.0,13032.636153549758,12653.26091271393,13233.84402873388
2025-05-23 13:00:00,12265.0,12982.81562987806,12584.756286319835,13376.506322625599
2025-05-23 14:00:00,12440.0,12355.549530349119,12001.062390281828,12760.294093024308
2025-05-23 15:00:00,11920.0,12325.916863761351,12034.661531021204,12659.587033417078
2025-05-23 16:00:00,11678.0,11667.84607085539,11325.855350815862,12123.252381583352
2025-05-23 17:00:00,11562.0,11583.603157231657,11293.316592844769,12510.143011238852
2025-05-23 18:00:00,13782.5,13481.203847446619,12484.888778747623,13818.264133918527
2025-05-23 19:00:00,14166.0,14140.476209120628,13521.767946356938,14331.000352652329
2025-05-23 20:00:00,14080.0,14383.237157156293,14004.35847885857,14612.248755384413
2025-05-23 21:00:00,13990.0,14103.0493191855,13683.346495130394,14260.116529390612
2025-05-23 22:00:00,14050.0,13958.752686218382,13565.678915706232,14209.281086248902
2025-05-23 23:00:00,14250.0,14019.5622089415,13565.37724047535,14170.479022293444
2025-05-24 00:00:00,13680.0,13835.927654338831,13571.883994944232,14062.041933165536
2025-05-24 01:00:00,13180.0,13369.636389268528,13098.522661788873,13597.177533631164
2025-05-24 02:00:00,13020.0,12896.097639747957,12694.51250338684,13179.062923888201
2025-05-24 03:00:00,12760.0,12793.250223556166,12631.912578005607,13027.467935160907
2025-05-24 04:00:00,12550.0,12487.4710999071,12215.080910346514,12698.572926368108
2025-05-24 05:00:00,12080.0,12032.787144204261,11685.034432316186,12439.157802068186
2025-05-24 06:00:00,12140.0,11924.939388325007,11561.047545471662,12129.400678950216
2025-05-24 07:00:00,12200.0,12107.853652071733,11876.120463239697,12370.58640043759
2025-05-24 08:00:00,12410.0,12365.255789025743,12012.822259838793,12666.5191115079
2025-05-24 09:00:00,12630.0,12692.52282161085,12353.293987501538,12997.067244089027
2025-05-24 10:00:00,13010.0,12962.533077898252,12603.64279691475,13230.155786030855
2025-05-24 11:00:00,13350.0,13410.517620836385,13074.405790261326,13661.798659847249
2025-05-24 12:00:00,13680.0,13687.376710752314,13331.220473191994,13929.894046860265
2025-05-24 13:00:00,13635.0,13723.19909719854,13360.568634877312,14022.791563785953
2025-05-24 14:00:00,13750.0,13817.01970696286,13487.187568002219,14049.754573809922
2025-05-24 15:00:00,13625.0,13652.74039837328,13260.20501988959,13865.277423713831
2025-05-24 16:00:00,13210.0,13393.661790500575,13066.56524470637,13614.783389583534
2025-05-24 17:00:00,12910.0,13038.66948204277,12749.048004936329,13312.061905709834
2025-05-24 18:00:00,14842.5,14499.065623815863,13705.71770514379,14811.387638693912
2025-05-24 19:00:00,15300.0,14995.226670729322,14571.444779368148,15238.818404408301
2025-05-24 20:00:00,15400.0,15296.461696392966,14934.984306631326,15535.129030040449
2025-05-24 21:00:00,15275.0,15084.961652645366,14894.52012046992,15305.392608255983
2025-05-24 22:00:00,15210.0,15128.873159591387,14900.292007187152,15343.27730566922
2025-05-24 23:00:00,14950.0,15103.047324290023,14867.757066169112,15310.605786291142
2025-05-25 00:00:00,14690.0,14561.692262628194,14392.066099507803,14872.914912874425
2025-05-25 01:00:00,14170.0,14233.147676424962,14068.08500747535,14427.43982907001
2025-05-25 02:00:00,13920.0,13834.234873452258,13679.31249592674,14135.495669234126
2025-05-25 03:00:00,13650.0,13700.68149169674,13495.08067689471,13905.792451143352
2025-05-25 04:00:00,13400.0,13402.109446491413,13140.066263776213,13658.160420094768
2025-05-25 05:00:00,12840.0,12924.301059361977,12664.478071615133,13262.587809917391
2025-05-25 06:00:00,12967.0,12799.309155044632,12490.152573471845,12928.707322430235
2025-05-25 07:00:00,12940.0,12951.492004761243,12668.449845734265,13166.357112093754
2025-05-25 08:00:00,13510.0,13158.299053399656,12770.890688744694,13333.4092398667
2025-05-25 09:00:00,13640.0,13754.120893239813,13351.630210875705,13957.680944507543
2025-05-25 10:00:00,13870.0,13965.735701675554,13681.95445747654,14196.364504503035
2025-05-25 11:00:00,14310.0,14186.382013330567,13823.31075153807,14392.100238667108
2025-05-25 12:00:00,14480.0,14488.764066344886,14206.260457131815,14771.141541765177
2025-05-25 13:00:00,14260.0,14566.588818945547,14284.104698127112,14828.216132946962
2025-05-25 14:00:00,14280.0,14459.202000810135,14134.787874545435,14718.05713390705
2025-05-25 15:00:00,13880.0,14251.089296377031,14029.082504967817,14471.62886227215
2025-05-25 16:00:00,13760.0,13670.562200200526,13234.71064732464,13877.928761319437
2025-05-25 17:00:00,13400.0,13560.500926747063,13171.504862860966,13822.268750384317
2025-05-25 18:00:00,15225.0,14904.259539885243,13972.010550537932,15607.860793303624
2025-05-25 19:00:00,15120.0,15470.292683596885,15009.803722467823,15749.798222333235
2025-05-25 20:00:00,15235.0,15257.431699781271,14804.688001548277,15535.699669593992
2025-05-25 21:00:00,15060.0,15257.975567048405,14991.264914079293,15415.63067364944
2025-05-25 22:00:00,15200.0,15030.594621530116,14758.380187939696,15233.181504195407
2025-05-25 23:00:00,15200.0,15162.78460480162,14929.306245639527,15354.28614711556
2025-05-26 00:00:00,14800.0,14890.141542794707,14771.433032987581,15120.25493393818
2025-05-26 01:00:00,14300.0,14510.789503983975,14282.8390734035,14708.578984347578
2025-05-26 02:00:00,14000.0,14089.838880869926,13836.567138932161,14372.405149042123
2025-05-26 03:00:00,13650.0,13704.551082606284,13486.142493575386,13900.01766127644
2025-05-26 04:00:00,13420.0,13420.118545054856,13177.711910060769,13678.85518565645
2025-05-26 05:00:00,12820.0,13024.623193241425,12795.308058125522,13252.710833367786
2025-05-26 06:00:00,12850.0,12697.32935792935,12291.442935359219,12909.382337027733
2025-05-26 07:00:00,12750.0,12979.43461892001,12651.8984181422,13132.845727774276
2025-05-26 08:00:00,12950.0,13004.561362826988,12585.504358866794,13170.501505958866
2025-05-26 09:00:00,13200.0,13245.128780724304,12809.812494650441,13504.371467330282
2025-05-26 10:00:00,13700.0,13494.004567787324,13180.417252688916,13774.883019619172
2025-05-26 11:00:00,14080.0,14031.469880686851,13720.096022822183,14264.598603874016
2025-05-26 12:00:00,14260.0,14300.674882653644,14001.792097728445,14506.123878216793
2025-05-26 13:00:00,14200.0,14441.141534669587,14131.721032451123,14660.286716587221
2025-05-26 14:00:00,13970.0,14333.277455143598,14028.108005246355,14560.197175586965
2025-05-26 15:00:00,13680.0,13860.90643035998,13582.944309924944,14114.845350846663
2025-05-26 16:00:00,13510.0,13466.521408176537,13134.83950843057,13694.575577705624
2025-05-26 17:00:00,13100.0,13373.953213233483,13022.43292069017,13626.740271269211
2025-05-26 18:00:00,14880.0,14801.855433060691,13943.80318807807,15297.531921145664
2025-05-26 19:00:00,15050.0,15064.33470521584,14554.775044385455,15287.187237923008
2025-05-26 20:00:00,15130.0,15241.988966911347,14821.904857448804,15493.824875825825
2025-05-26 21:00:00,14670.0,15033.789743504389,14740.017641776822,15256.662530055526
2025-05-26 22:00:00,14550.0,14624.295691957985,14348.31603583803,14850.263399591666
2025-05-26 23:00:00,14400.0,14381.348482641703,14080.245000995596,14632.77472564447
2025-05-27 00:00:00,14000.0,13966.170909187618,13711.604337596842,14244.798966696444
2025-05-27 01:00:00,13700.0,13674.022630490206,13431.202739280703,13868.132277288632
2025-05-27 02:00:00,13300.0,13430.404957780096,13172.096731626538,13734.883893192098
2025-05-27 03:00:00,13150.0,13036.930575992346,12840.914102012724,13275.221729454544
2025-05-27 04:00:00,12940.0,12913.933224051872,12706.630903417503,13137.022216358224
2025-05-27 05:00:00,12550.0,12501.442002090733,12208.124324315795,12739.038015636888
2025-05-27 06:00:00,12520.0,12449.136455529278,12055.931793314801,12759.388002668291
2025-05-27 07:00:00,12540.0,12611.840906309997,12246.595397991612,12821.094548692598
2025-05-27 08:00:00,12885.0,12821.74600378558,12384.855829985958,13103.512372176681
2025-05-27 09:00:00,13310.0,13199.582816294847,12757.583947566127,13383.119220955832
2025-05-27 10:00:00,13650.0,13650.511273839635,13389.760048386965,13945.811086519554
2025-05-27 11:00:00,14230.0,14007.54050926886,13717.220877646587,14242.00151892701
2025-05-27 12:00:00,14560.0,14391.282997069562,14084.647029087484,14639.818111998737
2025-05-27 13:00:00,14760.0,14660.235061060961,14408.5380499355,14865.967323348144
2025-05-27 14:00:00,14970.0,14836.401372148368,14542.623204665628,15025.765987348614
2025-05-27 15:00:00,14920.0,14756.52561078513,14636.627429075905,15044.157830793576
2025-05-27 16:00:00,14720.0,14603.942091748379,14530.577929602037,14913.11295610329
2025-05-27 17:00:00,14120.0,14193.511296668707,14053.397935491392,14557.186336730641
2025-05-27 18:00:00,15710.0,15192.764553108555,14250.153040328063,15788.091432354708
2025-05-27 19:00:00,16120.0,15641.410076705666,15014.028281072635,15779.364282280965
2025-05-27 20:00:00,16321.5,15941.644859800745,15099.980493114399,16209.243708873937
2025-05-27 21:00:00,16321.5,15849.553297832523,15057.935796066859,16192.233671544549
2025-05-27 22:00:00,16300.0,15824.475735592301,15048.16654916709,16164.379652813348
2025-05-27 23:00:00,16290.0,15686.51676570975,15041.15061346934,16039.536367772496
2025-05-28 00:00:00,16000.0,15409.683262534701,14974.390157181402,15766.053111450648
2025-05-28 01:00:00,15360.0,15326.17326833924,14822.752319993431,15792.619032236109
2025-05-28 02:00:00,15020.0,14759.0542627524,14564.810664239314,15114.606286954076
2025-05-28 03:00:00,14680.0,14610.109732233554,14475.136643665355,14888.555757018203
2025-05-28 04:00:00,14400.0,14173.37020642964,14120.266140992466,14452.812790726772
2025-05-28 05:00:00,13700.0,13646.805974322308,13545.213494691096,14126.317696174698
2025-05-28 06:00:00,13660.0,13565.796366120345,13233.4843765634,13678.976396145446
2025-05-28 07:00:00,13200.0,13644.594127071974,13297.628448462512,13788.44013309068
2025-05-28 08:00:00,13500.0,13369.484688987362,12921.076336709839,13555.049546375145
2025-05-28 09:00:00,13800.0,13659.48149660896,13260.589702626645,13876.316495740853
2025-05-28 10:00:00,14140.0,14051.128753084256,13777.361002692725,14321.550875798854
2025-05-28 11:00:00,14500.0,14444.669338781869,14086.922711577947,14709.735556157282
2025-05-28 12:00:00,14760.0,14657.02586051283,14300.60205801552,14902.202556151871
2025-05-28 13:00:00,14750.0,14872.22138751839,14525.123278544392,15107.515669004497
2025-05-28 14:00:00,14800.0,14942.535616474945,14531.345185932158,15136.050600028051
2025-05-28 15:00:00,14375.0,14776.193222858188,14423.557628322953,14977.556120120043
2025-05-28 16:00:00,13600.0,14182.297872606627,13816.32228912346,14328.426337985666
2025-05-28 17:00:00,12869.0,13450.5506844202,12829.018357444336,13688.201493723524
2025-05-28 18:00:00,15090.0,14641.171295336555,13713.91540089102,15133.106760623055
2025-05-28 19:00:00,15450.0,15376.777146096301,14805.796041144005,15610.168227474422
2025-05-28 20:00:00,15800.0,15750.520958335606,15121.096300796877,15941.667194940916
2025-05-28 21:00:00,15530.0,16003.41849843524,15121.096300796877,16239.886238454108
2025-05-28 22:00:00,15490.0,15608.000856293842,15121.096300796877,15837.79758776562
2025-05-28 23:00:00,15280.0,15531.565800382099,15121.096300796877,15695.465855163591
2025-05-29 00:00:00,14780.0,15037.456148079556,14821.897632293392,15231.82134771946
2025-05-29 01:00:00,14230.0,14573.671818373525,14245.403746508213,14708.001335842395
2025-05-29 02:00:00,13780.0,13945.734797346346,13642.485261313435,14212.778195491652
2025-05-29 03:00:00,13450.0,13524.590890281017,13270.625439492998,13735.608647858291
2025-05-29 04:00:00,12920.0,13203.903189201514,12982.58982102652,13395.1517365841
2025-05-29 05:00:00,12050.0,12486.816646297317,12217.879030415876,12767.868601189957
2025-05-29 06:00:00,11670.0,11951.435002815133,11463.162065967574,12297.032325686796
2025-05-29 07:00:00,11060.0,11828.009846455034,11358.507752813528,12312.615626699619
2025-05-29 08:00:00,10745.0,11534.051245473764,11019.982285982554,12210.501439221473
2025-05-29 09:00:00,10770.0,11249.601825499618,10819.596751408835,11884.991042203721
2025-05-29 10:00:00,11015.0,11282.017902921518,10933.058508586704,11875.100847878164
2025-05-29 11:00:00,11310.0,11571.05035704221,11241.417921049064,12175.772752805298
2025-05-29 12:00:00,11236.0,11824.09513716602,11344.631536612367,12292.232623658054
2025-05-29 13:00:00,11050.0,11491.150460576595,10775.684652876806,12090.318355090867
2025-05-29 14:00:00,10710.0,11383.846728952742,10851.196715588274,12011.271733384781
2025-05-29 15:00:00,10560.0,10922.999683510589,10249.371667167237,11474.215505733106
2025-05-29 16:00:00,10178.0,10594.29790511862,10150.546442029483,11325.032298138914
2025-05-29 17:00:00,9851.0,10396.344122174121,9952.613258119198,11912.867467890386
2025-05-29 18:00:00,10744.5,12185.710201848045,11125.35345818395,12438.872614237156
2025-05-29 19:00:00,10608.0,11417.184540502421,10813.070981308982,12204.12365974926
2025-05-29 20:00:00,10290.0,11151.821731838128,10384.925301518653,11610.218315106467
2025-05-29 21:00:00,9901.0,10536.008151700411,9718.970157623055,11262.368491835825
2025-05-29 22:00:00,9698.0,10138.796128217306,9305.717677792032,10966.213276655695
2025-05-29 23:00:00,9444.0,9897.514085785031,9173.532357315284,10819.900785707641
2025-05-30 00:00:00,9016.0,9153.578968621565,8870.312999069904,10638.87739703015
2025-05-30 01:00:00,8649.0,8785.020618258573,8464.046832933076,10512.776410461205
2025-05-30 02:00:00,8250.0,8507.2179102065,8200.63963000501,10337.777667955172
2025-05-30 03:00:00,7625.0,8037.693183537209,7813.373322562575,10190.193288469301
2025-05-30 04:00:00,7372.0,7671.6833418814795,7081.807014536733,9815.655609104831
2025-05-30 05:00:00,7297.0,7305.9196895088835,6797.204105274686,9413.885778606538
2025-05-30 06:00:00,7380.0,7486.1808555057305,7057.915184094333,9227.690320213229
2025-05-30 07:00:00,7490.0,7801.78177955617,7319.636663237345,9088.521946671219
2025-05-30 08:00:00,7629.0,7886.56714534754,7413.418418844837,9049.823526797609
2025-05-30 09:00:00,7996.0,7923.505767053852,7588.230376698866,8992.365366310385
2025-05-30 10:00:00,8789.0,8352.772188486228,8085.783574283131,9336.727789414179
2025-05-30 11:00:00,9414.0,9367.727480826414,8973.5008664723,9928.592202033862
2025-05-30 12:00:00,9850.0,9844.290265865342,9464.490868609955,10126.268947432029
2025-05-30 13:00:00,9716.0,9785.859426841664,9480.268750726764,10264.559391959643
2025-05-30 14:00:00,9983.0,9824.614938487974,9414.423169315056,10143.167073697756
2025-05-30 15:00:00,10086.0,9838.041648255294,9593.91265580637,10145.70278687664
2025-05-30 16:00:00,10233.0,9884.356695064187,9629.819553310132,10026.483426901788
2025-05-30 17:00:00,10509.0,10027.370508819957,9873.321115885998,10409.297763400567
2025-05-30 18:00:00,12114.0,11697.015099326825,11256.35823121843,11669.592876070714
2025-05-30 19:00:00,12670.0,12109.0353020079,11853.951037436582,12660.668896480496
2025-05-30 20:00:00,13299.0,12616.298513101538,12222.82270187269,13077.685009090472
2025-05-30 21:00:00,13088.0,12992.769994610855,12529.95080151139,13430.488115547914
2025-05-30 22:00:00,13209.0,12738.00431950497,12331.616807249116,13209.981604138062
2025-05-30 23:00:00,13241.0,12853.302648850606,12329.34931158553,13255.433027947842
2025-05-31 00:00:00,12598.0,12729.024435472948,12091.585766101352,13031.222611169298
2025-05-31 01:00:00,12211.0,12052.868710272876,11513.997097806403,12413.423144924229
2025-05-31 02:00:00,11936.0,11677.558891901494,11178.012696403111,12276.550244961452
2025-05-31 03:00:00,11812.0,11346.088374665505,10802.102207229036,11882.933718511262
2025-05-31 04:00:00,11567.0,11249.735457206456,10572.61616065431,11711.682429075228
2025-05-31 05:00:00,11382.0,10936.946339121017,10201.029582884268,11318.95381209769
2025-05-31 06:00:00,11611.0,10985.587709405034,10287.05995202843,11375.853160832576
2025-05-31 07:00:00,11831.0,11269.306716817762,10682.221545373823,11891.08525541817
2025-05-31 08:00:00,12102.0,11605.895306336664,11086.892504296196,12413.865918264932
2025-05-31 09:00:00,12405.0,11895.088714435411,11406.8858893736,12672.48172855209
2025-05-31 10:00:00,12492.0,12381.726754455878,11882.444963442267,13087.231204795442
2025-05-31 11:00:00,13111.0,12582.102183702711,12066.047713727527,13198.341890332013
2025-05-31 12:00:00,12789.0,13147.708353721693,12649.445673404654,13719.002139667393
2025-05-31 13:00:00,12418.0,12692.619024163585,12136.885611988573,13173.284022375721
2025-05-31 14:00:00,12534.0,12546.238668310503,11968.234603840061,12826.111861989255
2025-05-31 15:00:00,11608.0,12326.263902694469,11878.531946622368,12634.065726973859
2025-05-31 16:00:00,11376.0,11463.945307131282,10966.947049231194,11732.529798701615
2025-05-31 17:00:00,11959.0,11400.082678906761,10983.315122440696,12049.409565089347
2025-05-31 18:00:00,13342.5,13264.199990160909,12369.117914490651,13909.977516321096
2025-05-31 19:00:00,14250.0,13584.95966808799,13241.4815454264,13846.794237668297
2025-05-31 20:00:00,14695.0,14275.832769253542,14014.70480499239,14510.193425403893
2025-05-31 21:00:00,14700.0,14424.552312605088,14282.360548534805,14778.687054448843
2025-05-31 22:00:00,14662.0,14475.900288915009,14257.944392959758,14760.241202929006
2025-05-31 23:00:00,14550.0,14372.098167930964,14161.503657590525,14657.162750182908
2025-06-01 00:00:00,13700.0,13832.405630456442,13809.848832895654,14241.802551571227
2025-06-01 01:00:00,13150.0,13325.498659620898,13034.4743108888,13536.221868204533
2025-06-01 02:00:00,12750.0,12918.06204725552,12620.716110548767,13121.401677334374
2025-06-01 03:00:00,12420.0,12480.00914800274,12175.05048158686,12607.714096114165
2025-06-01 04:00:00,12250.0,12219.292551476545,11926.656206378933,12344.596373255543
2025-06-01 05:00:00,11720.0,11731.777454897956,11515.61979755084,12092.207792796738
2025-06-01 06:00:00,11786.0,11602.988213567474,11203.384376926493,11830.706384380357
2025-06-01 07:00:00,11801.0,11826.480861757334,11513.743022423776,12019.331033413335
2025-06-01 08:00:00,12241.0,12086.449833611836,11695.85465562028,12349.80917634261
2025-06-01 09:00:00,12432.0,12507.830996809415,12162.712300524161,12792.616836852812
2025-06-01 10:00:00,12635.0,12746.79980843641,12511.34409915731,13028.625885255755
2025-06-01 11:00:00,12878.0,13027.805039492587,12704.352805529921,13241.242162094
2025-06-01 12:00:00,13044.0,13149.46249410356,12860.306832392991,13423.201617030898
2025-06-01 13:00:00,13058.0,13083.206472700862,12903.427927446724,13368.27100716856
2025-06-01 14:00:00,13114.0,13160.549112829623,12954.883912337053,13409.944297363398
2025-06-01 15:00:00,12764.0,12933.080366805734,12661.689639159296,13225.523373973889
2025-06-01 16:00:00,12363.0,12462.47304833339,12192.59733656295,12791.943705659987
2025-06-01 17:00:00,12358.0,12231.72722626607,11860.826266240361,12690.515631456678
2025-06-01 18:00:00,13303.5,14106.558363276798,13155.422056796948,14463.521291774648
2025-06-01 19:00:00,13332.0,13636.826286223866,13358.41089727681,14044.210942327334
2025-06-01 20:00:00,13631.0,13598.085748598345,13167.018503091758,13982.025972364392
2025-06-01 21:00:00,13749.0,13700.925613556683,13431.589561868015,13985.6246057866
2025-06-01 22:00:00,13769.0,13797.936519148481,13496.512471248105,14069.342861265575
2025-06-01 23:00:00,13728.0,13713.170714938733,13367.841330188785,13922.12151234872
2025-06-02 00:00:00,13169.0,13418.755620714468,13211.975403829296,13557.736656221268
2025-06-02 01:00:00,12760.0,12863.98847401812,12620.946572515639,13016.20737655757
2025-06-02 02:00:00,12379.0,12506.320251895779,12254.289141167585,12711.592529566058
2025-06-02 03:00:00,11969.0,12121.945608484797,11918.787702736,12306.671504616974
2025-06-02 04:00:00,11207.0,11676.214306176824,11406.364821591807,11992.66834043026
2025-06-02 05:00:00,10702.0,10660.157287729526,10398.837726575695,11294.296269222337
2025-06-02 06:00:00,10593.0,10681.375278825863,10359.247298280829,11104.584322652137
2025-06-02 07:00:00,10385.0,10736.959834613088,10428.50805874846,11239.085685845677
2025-06-02 08:00:00,10987.0,10749.72419461239,10320.113632760653,11568.77392022069
2025-06-02 09:00:00,11516.0,11381.048359079372,11111.96688666531,12146.58372678307
2025-06-02 10:00:00,12117.0,11875.740256724468,11655.352537155262,12390.670129172766
2025-06-02 11:00:00,12798.0,12488.893048886666,12208.718686716176,12684.775739017397
2025-06-02 12:00:00,13258.0,13036.668781419261,12749.102065606641,13314.256622550192
2025-06-02 13:00:00,13331.0,13341.465524214198,13093.471479545353,13561.397212718082
2025-06-02 14:00:00,13513.0,13502.589205126975,13317.845735599129,13741.730062667137
2025-06-02 15:00:00,13388.0,13408.634273980022,13240.42440066383,13629.655192068409
2025-06-02 16:00:00,13078.0,13048.535560326221,12875.009117641723,13274.037483171327
2025-06-02 17:00:00,12715.0,12821.589146577251,12626.40713823987,13051.476796425975
2025-06-02 18:00:00,14528.5,14065.73049967793,13569.336435081543,14333.678011830745
2025-06-02 19:00:00,15005.0,14547.105033902444,14290.358011230537,14724.64283680584
2025-06-02 20:00:00,15030.0,14973.100006399529,14522.549752144974,15276.974448392435
2025-06-02 21:00:00,14500.0,14897.400359432537,14675.907355303,15140.06877698817
2025-06-02 22:00:00,13479.0,14404.041546344102,14163.61372147518,14591.59286454687
2025-06-02 23:00:00,12439.0,13304.406346534888,12984.031017136795,13424.161572520921
2025-06-03 00:00:00,11775.0,12064.660324446571,11852.054721967132,12292.955130997872
2025-06-03 01:00:00,10991.0,11465.935786774226,11199.917521749076,11949.972998899937
2025-06-03 02:00:00,9973.0,10745.600618020675,10657.546683058988,11674.313192002954
2025-06-03 03:00:00,8908.0,9711.935737883598,9442.969504120829,10712.961143517015
2025-06-03 04:00:00,8827.0,8681.448279906044,8182.181904609298,9783.352633432145
2025-06-03 05:00:00,8908.0,8404.942011621028,7765.330089501203,9606.851959731872
2025-06-03 06:00:00,8982.0,8975.44167545015,8618.94449178559,9805.662467446133
2025-06-03 07:00:00,9410.0,9259.119893981311,8855.80654000352,9888.396201442487
2025-06-03 08:00:00,10084.0,9822.683904490937,9337.982662020722,10459.954989011832
2025-06-03 09:00:00,10820.0,10463.967653970712,10110.546714549186,11028.507756593326
2025-06-03 10:00:00,11411.0,11115.748427437837,10889.109249072751,11579.875209843
2025-06-03 11:00:00,12041.0,11851.131570352509,11636.473442944727,12264.624963938677
2025-06-03 12:00:00,12558.0,12329.968489114917,12011.935506635065,12645.686217740198
2025-06-03 13:00:00,12797.0,12601.293856338301,12312.141768302969,12905.57800558703
2025-06-03 14:00:00,13017.0,12923.362437736463,12598.098568486921,13199.347583341309
2025-06-03 15:00:00,12858.0,12931.386510728236,12745.020621970209,13215.289559175786
2025-06-03 16:00:00,12425.0,12659.2651659675,12456.11293269957,12913.277715938557
2025-06-03 17:00:00,12110.0,12275.29905242564,11956.717291451147,12785.91505521257
2025-06-03 18:00:00,13789.5,13694.368142322584,13018.479333384896,14148.762452819476
2025-06-03 19:00:00,14193.0,14114.36755308662,13736.056239771147,14164.79993235498
2025-06-03 20:00:00,14306.0,14365.086001141846,14019.881464193997,14499.771497120491
2025-06-03 21:00:00,14205.0,14337.97721329088,14040.22302653405,14469.832392211976
2025-06-03 22:00:00,14170.0,14100.528646496554,13898.262320577789,14300.94363825764
2025-06-03 23:00:00,13855.0,13733.920549633614,13646.746753631256,14110.754095954208
2025-06-04 00:00:00,13300.0,13395.207933858605,13075.119368462714,13616.652854713948
2025-06-04 01:00:00,12750.0,12887.141543761885,12601.749514665193,13088.441211468857
2025-06-04 02:00:00,12225.0,12400.10395984507,11901.250124088303,12626.480655613697
2025-06-04 03:00:00,11708.0,11833.565226186585,11254.522699684852,12194.132607404817
2025-06-04 04:00:00,10957.0,11187.399673066106,10638.369583374057,11564.96215846029
2025-06-04 05:00:00,10098.0,10347.087740922556,9972.03237269666,10815.207085477407
2025-06-04 06:00:00,10105.0,9908.248489856556,9503.91277220381,10232.30145264944
2025-06-04 07:00:00,10567.0,10237.706596980664,9884.091932145933,10548.93663016806
2025-06-04 08:00:00,11231.0,10895.846399548223,10522.904937832964,11099.681035508018
2025-06-04 09:00:00,11371.0,11473.558317004403,11201.001444169473,11634.83093209426
2025-06-04 10:00:00,11795.0,11680.046016961194,11489.478360295796,11799.994168540143
2025-06-04 11:00:00,12186.0,12100.077972387444,11867.466858057755,12299.571381904852
2025-06-04 12:00:00,12542.0,12391.321173038581,12091.579099098512,12684.335312888223
2025-06-04 13:00:00,12477.0,12596.646875299628,12314.663536427843,12886.16258657609
2025-06-04 14:00:00,12518.0,12645.864863599354,12332.307973651397,12884.95512863956
2025-06-04 15:00:00,12408.0,12380.30033107158,12127.737884350432,12764.42413603494
2025-06-04 16:00:00,11871.0,12198.972379630844,11958.619305518216,12558.60148721711
2025-06-04 17:00:00,11626.0,11688.280622380897,11385.966164933765,12322.218947392377
2025-06-04 18:00:00,13595.5,13221.47488761171,12583.743403861921,13817.902146772465
2025-06-04 19:00:00,14053.0,13849.74435409017,13559.354170530065,14131.989167591386
2025-06-04 20:00:00,14038.0,14225.416956362367,13842.711364110439,14420.108522134422
2025-06-04 21:00:00,13943.0,14087.278426952038,13729.531021803301,14197.449146472763
2025-06-04 22:00:00,13839.0,13943.361471871725,13597.595900388333,14118.779986687981
2025-06-04 23:00:00,13554.0,13756.271709219047,13328.88599990281,13904.315556882771
2025-06-05 00:00:00,13159.0,13225.173140058194,12924.981390768698,13394.866482982343
2025-06-05 01:00:00,12859.0,12859.669926388458,12609.583679485953,12988.015726576292
2025-06-05 02:00:00,12603.0,12624.989463186048,12391.845544225667,12775.324862014337
2025-06-05 03:00:00,12256.0,12382.551534109847,12136.891367319411,12523.75763459386
2025-06-05 04:00:00,11966.0,11931.414855117362,11687.996899382764,12154.69762323668
2025-06-05 05:00:00,11063.0,11247.898947693016,10946.27826412624,11704.100241474724
2025-06-05 06:00:00,10828.0,10818.176363281604,10532.056788481083,11060.619572179263
2025-06-05 07:00:00,10714.0,10898.355394353033,10620.06841944122,11064.003189527764
2025-06-05 08:00:00,10624.0,11067.998860790449,10709.923871618312,11126.524753962529
2025-06-05 09:00:00,10813.0,10980.592053744876,10669.6441355634,11239.882411349305
2025-06-05 10:00:00,11141.0,11094.670587158967,10891.73536542385,11447.852940262846
2025-06-05 11:00:00,11485.0,11450.2483932203,11235.884806628543,11901.215576055638
2025-06-05 12:00:00,11815.0,11746.394760105037,11547.778369399572,12273.514091905814
2025-06-05 13:00:00,11751.0,11887.879335366728,11508.16607827418,12336.731685456729
2025-06-05 14:00:00,11436.0,11936.793266076696,11572.750146394099,12340.227940933531
2025-06-05 15:00:00,11080.0,11405.636118766572,11092.356427674182,11966.1860076933
2025-06-05 16:00:00,10615.0,10808.117894749523,10495.545173520844,11307.950564065883
2025-06-05 17:00:00,10521.0,10519.268270862694,10270.200511335208,11387.437309330333
2025-06-05 18:00:00,12485.0,12398.098557934409,11854.9772842961,12567.569251783241
2025-06-05 19:00:00,12955.0,12837.25236235929,12411.591812641616,13086.735026844988
2025-06-05 20:00:00,13231.0,13128.910778904516,12729.01876990229,13413.551082941458
2025-06-05 21:00:00,13123.0,13252.377476812972,13006.757601607163,13442.776180462684
2025-06-05 22:00:00,13145.0,13134.613408702853,12865.805279573467,13358.309440412064
2025-06-05 23:00:00,12931.0,13045.475682450748,12734.99739048793,13193.570270298671
2025-06-06 00:00:00,12628.0,12590.051117027771,12357.998403243975,12706.871757421697
2025-06-06 01:00:00,12201.0,12315.175043563911,12019.371623180796,12485.233260794541
2025-06-06 02:00:00,11838.0,11910.985356634736,11667.10431607811,12143.788833547887
2025-06-06 03:00:00,11410.0,11601.00862689325,11276.495761939983,11920.33711618567
2025-06-06 04:00:00,10998.0,11130.445192022069,10837.89486218407,11569.321006842836
2025-06-06 05:00:00,10280.0,10298.782133109586,10050.903374578666,10844.722850937422
2025-06-06 06:00:00,10006.0,9881.662762497084,9643.50635034298,10283.03279479746
2025-06-06 07:00:00,9952.0,9820.7400470598,9598.701309837146,10225.676479865731
2025-06-06 08:00:00,9842.0,9958.962875466206,9643.903959897198,10282.931603416238
2025-06-06 09:00:00,9773.0,9926.39182136843,9684.566477390083,10190.554150974513
2025-06-06 10:00:00,10064.0,9994.028934225034,9820.16857023082,10180.838604748673
2025-06-06 11:00:00,10431.0,10404.156706786713,10154.496276114856,10646.129082242693
2025-06-06 12:00:00,11319.0,10797.316559497332,10370.416669434471,10855.49771577548
2025-06-06 13:00:00,11086.0,11135.204087065606,10821.432925756413,11509.814345066647
2025-06-06 14:00:00,10673.0,11135.027325317697,10795.857141058332,11325.713062561339
2025-06-06 15:00:00,10324.0,10378.889167561461,10162.6932970731,10570.044130358023
2025-06-06 16:00:00,9937.0,9890.729787237104,9714.614949299117,10106.294596819642
2025-06-06 17:00:00,9770.0,9940.32508635872,9555.336235001078,10365.248858624747
2025-06-06 18:00:00,11949.0,11932.48066855154,11232.379435513485,12110.795995462562
2025-06-06 19:00:00,12219.0,12350.908453550148,12020.777673055798,12749.573826005428
2025-06-06 20:00:00,12427.0,12467.137513624048,12131.483135701785,12582.31082783778
2025-06-06 21:00:00,12390.0,12502.05557860553,12294.887524645575,12545.864329728622
2025-06-06 22:00:00,12596.0,12406.614792854118,12153.994724572942,12482.97723457213
2025-06-06 23:00:00,12507.0,12462.368176781762,12267.740916744786,12701.057044393347
2025-06-07 00:00:00,12298.0,12150.411258683002,11903.202516285855,12321.04513347714
2025-06-07 01:00:00,11899.0,11901.767639735692,11758.23778812464,12071.558129389909
2025-06-07 02:00:00,11623.0,11589.040900675549,11439.74067767927,11777.040679247359
2025-06-07 03:00:00,11350.0,11403.046788427882,11142.522963465368,11536.05350974074
2025-06-07 04:00:00,11092.0,11001.60637002428,10799.8670738774,11244.262154621565
2025-06-07 05:00:00,10677.0,10585.608382739229,10323.820377564649,10849.82113695613
2025-06-07 06:00:00,10544.0,10553.983434108655,10300.9193822638,10714.657089361675
2025-06-07 07:00:00,9805.0,10715.580807855256,10420.657604267393,10846.052108094967
2025-06-07 08:00:00,9253.0,10146.798597140134,9721.503234282276,10436.231420883432
2025-06-07 09:00:00,9290.0,9628.24225986235,9145.912236975335,10027.995096503793
2025-06-07 10:00:00,9372.0,9656.611593428166,9406.751091704207,10144.943624210098
2025-06-07 11:00:00,9697.0,9789.90547806504,9540.031410136482,10306.39844573581
2025-06-07 12:00:00,9769.0,10092.60305856311,9841.632686584671,10785.903883603236
2025-06-07 13:00:00,9841.0,10074.108599079866,9593.905352704493,10658.832342015048
2025-06-07 14:00:00,10210.0,10118.960539957869,9771.179817233065,10671.770031447
2025-06-07 15:00:00,10491.0,10278.362624210644,9905.716742754079,10578.531254294076
2025-06-07 16:00:00,10435.0,10494.73095772715,10158.637211942443,10607.64367445606
2025-06-07 17:00:00,10545.0,10516.342791474406,10001.20277172382,10964.059270253178
2025-06-07 18:00:00,12108.5,12456.481570255273,11595.73938410518,12621.084360645391
2025-06-07 19:00:00,12778.0,12345.369056417554,12094.001228909223,12842.32488018996
2025-06-07 20:00:00,13105.0,12914.228775990734,12643.61646596937,13233.428851183267
2025-06-07 21:00:00,12991.0,13078.879818310512,12891.012563776563,13293.363823835445
2025-06-07 22:00:00,13052.0,12848.982101514739,12685.326917024307,13107.329316291638
2025-06-07 23:00:00,13044.0,12901.060013573262,12709.318098222628,13072.445409267495
2025-06-08 00:00:00,12665.0,12719.958759149631,12500.68589318939,12770.443783331317
2025-06-08 01:00:00,12378.0,12328.351578127189,12099.901973689988,12473.161215730715
2025-06-08 02:00:00,12015.0,12135.981094130864,11908.661657660366,12273.926910740965
2025-06-08 03:00:00,11677.0,11771.280352461019,11544.087472363119,11934.157858453375
2025-06-08 04:00:00,11400.0,11426.189120303698,11200.883530385321,11514.173459482507
2025-06-08 05:00:00,10827.0,10892.250044237613,10669.313967251908,11093.480206168604
2025-06-08 06:00:00,10830.0,10748.072704512231,10418.78138596715,10921.792741678975
2025-06-08 07:00:00,10719.0,10840.092290877632,10556.227713413187,11131.673345263327
2025-06-08 08:00:00,10837.0,10889.920756500558,10426.51089823392,11237.634247361428
2025-06-08 09:00:00,10844.0,10987.955335269251,10585.719283636785,11396.53333159339
2025-06-08 10:00:00,10838.0,10997.008966500773,10691.367852379111,11376.281838417612
2025-06-08 11:00:00,10607.0,11075.203213607458,10862.079301785103,11401.72512878831
2025-06-08 12:00:00,11563.0,10872.820440927037,10566.850424701286,11059.896880943941
2025-06-08 13:00:00,12129.0,11407.269677405757,11109.656737923202,11809.142280261389
2025-06-08 14:00:00,12099.0,12133.524882390358,11829.079649996635,12434.4216395458
2025-06-08 15:00:00,11859.0,11862.956944546366,11622.205792505702,12184.430322836151
2025-06-08 16:00:00,11271.0,11543.37418915607,11298.462673303637,11867.852288126429
2025-06-08 17:00:00,10538.0,11196.403175553294,10823.221036823674,11655.36927372965
2025-06-08 18:00:00,12289.5,12430.105244953527,11539.040900021635,13088.393516747887
2025-06-08 19:00:00,12845.0,12558.198503191317,12334.948346253475,13034.642583416318
2025-06-08 20:00:00,13223.0,13058.998610405431,12753.464786827219,13360.922328089642
2025-06-08 21:00:00,13346.0,13200.305730109114,13007.540028301519,13439.54635961501
2025-06-08 22:00:00,13497.0,13249.522975705928,13136.95205847328,13504.882441865557
2025-06-08 23:00:00,13465.0,13254.283313881262,13048.839133304395,13379.393280815611
2025-06-09 00:00:00,13350.0,13073.864765062846,12833.570089073366,13144.309892551453
2025-06-09 01:00:00,13170.0,13072.954757930886,12812.864267095554,13191.148584608827
2025-06-09 02:00:00,12875.0,12910.075550765989,12616.763514239352,13089.462581420996
2025-06-09 03:00:00,12580.0,12592.775440331483,12390.434314713797,12743.568909565418
2025-06-09 04:00:00,12300.0,12250.774295680874,11982.326594219261,12461.692762904926
2025-06-09 05:00:00,11484.0,11740.166413156872,11499.803465270808,12060.558990425263
2025-06-09 06:00:00,11509.0,11275.776489382655,10983.39552745417,11560.25654928324
2025-06-09 07:00:00,11399.0,11501.68969347202,11213.64980076294,11751.018393889355
2025-06-09 08:00:00,11247.0,11612.605209958816,11297.934468454803,11750.092605318176
2025-06-09 09:00:00,11272.0,11473.789830462085,11188.35447639574,11638.498478428444
2025-06-09 10:00:00,11211.0,11600.538790511691,11369.382633374826,11634.686039905608
2025-06-09 11:00:00,11385.0,11533.445030589408,11353.31646870236,11635.699227300081
2025-06-09 12:00:00,11659.0,11651.822162825933,11428.89521443885,11869.8194432544
2025-06-09 13:00:00,12021.0,11747.59300652832,11333.201806910649,12033.207654532896
2025-06-09 14:00:00,12086.0,12165.28608495451,11829.124983343576,12328.76624787371
2025-06-09 15:00:00,11989.0,11959.646175396761,11754.315089744141,12260.766773740943
2025-06-09 16:00:00,11447.0,11691.649629800782,11493.26690237296,12031.677859010759
2025-06-09 17:00:00,10940.0,11249.55743714381,10930.769125172896,11783.930108349292
2025-06-09 18:00:00,12722.0,12768.002251191112,11965.717208204069,13256.990361998589
2025-06-09 19:00:00,13400.0,12946.64454871463,12713.594839332165,13280.675418250632
2025-06-09 20:00:00,13920.0,13450.416060537484,13224.690837563197,13791.64406391867
2025-06-09 21:00:00,14050.0,13867.868639642278,13727.65175698374,14113.721641024724
2025-06-09 22:00:00,14235.0,14004.248576805247,13713.597192060664,14166.366229419915
2025-06-09 23:00:00,14290.0,14013.492979800307,13753.266060078417,14173.12309609391
2025-06-10 00:00:00,14000.0,13971.784899563645,13748.420702687039,14101.283519946704
2025-06-10 01:00:00,13750.0,13669.823923317177,13457.182515767061,13839.083214424292
2025-06-10 02:00:00,13370.0,13515.321771827152,13298.934723731585,13706.120169610802
2025-06-10 03:00:00,13150.0,13128.167456185727,12928.442559880648,13319.479694462705
2025-06-10 04:00:00,12930.0,12891.203749898608,12619.246190727921,13083.600658649011
2025-06-10 05:00:00,12194.0,12414.035613658383,12155.373330949107,12691.546528489556
2025-06-10 06:00:00,11996.0,11914.519389453932,11568.197254145987,12178.055009738893
2025-06-10 07:00:00,11787.0,11890.771049931738,11653.318579246192,12187.654029649764
2025-06-10 08:00:00,11642.0,11947.469431572074,11633.923696744148,12177.98919248852
2025-06-10 09:00:00,11635.0,11880.201468211848,11553.261151958037,12042.911956740412
2025-06-10 10:00:00,11539.0,11929.999646669412,11659.135793410273,12060.770974142135
2025-06-10 11:00:00,11761.0,11845.236991803145,11616.313875962534,11967.558216779546
2025-06-10 12:00:00,12295.0,11980.04464934128,11714.728659689135,12156.674772287468
2025-06-10 13:00:00,12509.0,12325.906168505004,12008.363323535092,12485.308841011574
2025-06-10 14:00:00,12602.0,12648.54668956542,12290.613674037982,12816.376022898177
2025-06-10 15:00:00,12403.0,12509.421231019613,12279.211499931349,12757.591003487072
2025-06-10 16:00:00,12072.0,12114.544428095422,11860.564107350592,12379.424646358295
2025-06-10 17:00:00,11377.0,11721.525125297088,11554.98837882957,12248.049544609768
2025-06-10 18:00:00,12970.0,13074.156660684475,12534.835356567397,13769.882541238445
2025-06-10 19:00:00,13340.0,13207.590574970502,12956.692559571857,13566.201225449231
2025-06-10 20:00:00,12950.0,13486.995539370508,13230.085829160318,13923.788296359453
2025-06-10 21:00:00,12250.0,12996.387321824383,12641.989803264889,13259.856905357905
2025-06-10 22:00:00,12120.0,12279.566429495655,11743.7827970817,12385.66313035102
2025-06-10 23:00:00,12180.0,12169.811038037264,11636.542655252471,12229.219582629548
2025-06-11 00:00:00,12140.0,11706.953885859943,11488.811519729135,12013.25254569471
2025-06-11 01:00:00,12240.0,11779.408011484475,11541.443080919156,12046.999841513321
2025-06-11 02:00:00,12130.0,11914.222503896292,11774.026972906086,12175.933508421094
2025-06-11 03:00:00,11980.0,11846.593309972168,11648.437269722199,12090.247551096454
2025-06-11 04:00:00,11810.0,11754.166583444448,11500.606896927544,12063.74445325592
2025-06-11 05:00:00,11031.0,11256.745432671058,10967.536162297156,11636.723760297233
2025-06-11 06:00:00,10862.0,10835.241627767966,10602.806251160893,11505.719657293308
2025-06-11 07:00:00,10828.0,10936.059885030334,10590.086277088138,11307.30482642689
2025-06-11 08:00:00,10863.0,11130.221562427321,10781.727940882014,11541.686994747954
2025-06-11 09:00:00,11075.0,11132.455174622854,10774.508961200845,11532.99920780681
2025-06-11 10:00:00,11139.0,11412.144178014289,11108.269211380479,11734.807891181596
2025-06-11 11:00:00,11679.0,11461.12548456285,11156.748403152755,11752.563525215824
2025-06-11 12:00:00,12318.0,11938.46051442053,11666.055061469262,12299.041513882821
2025-06-11 13:00:00,12702.0,12346.41680625888,12068.32027900131,12529.9756918698
2025-06-11 14:00:00,12685.0,12846.747091662706,12545.888342536975,12984.571660392703
2025-06-11 15:00:00,12586.0,12608.29482027838,12351.672949090504,12758.442265321379
2025-06-11 16:00:00,12161.0,12261.636533543195,12082.699447073916,12543.387921360401
2025-06-11 17:00:00,11407.0,11873.326362194572,11634.153943322981,12438.172471378366
2025-06-11 18:00:00,12802.5,13115.92360908709,12583.95115947488,13951.83089990946
2025-06-11 19:00:00,13406.0,13039.54144530885,12763.938898568966,13352.157448245347
2025-06-11 20:00:00,14055.0,13529.545648330415,13328.679160078704,13710.519497600415
2025-06-11 21:00:00,14085.0,13752.942572885788,13527.078900971987,14132.055863181786
2025-06-11 22:00:00,14400.0,13740.648403825686,13502.303514714593,14107.998143107949
2025-06-11 23:00:00,14370.0,13839.553607889095,13731.720048087394,14252.075061207062
2025-06-12 00:00:00,14110.0,13684.268212983718,13622.774942081334,14087.888684742396
2025-06-12 01:00:00,13850.0,13530.457156510069,13383.689854724815,13814.161070180391
2025-06-12 02:00:00,13620.0,13511.406900720842,13158.786453362074,13791.596396299992
2025-06-12 03:00:00,13295.0,13368.772761615372,13012.130848926556,13631.937825720122
2025-06-12 04:00:00,12960.0,12936.307516689845,12645.279335576866,13205.58898805839
2025-06-12 05:00:00,12228.0,12431.22729765056,12123.652749006169,12703.957883741234
2025-06-12 06:00:00,11884.0,12043.653410136374,11612.336280899346,12260.265480521908
2025-06-12 07:00:00,11882.0,11824.68717309688,11577.562596146749,12000.72184378685
2025-06-12 08:00:00,11695.0,12077.83566991945,11710.030941797377,12253.964998185913
2025-06-12 09:00:00,11787.0,11883.028282029953,11622.944538848824,12026.983596739456
2025-06-12 10:00:00,11932.0,12035.562932846018,11815.632338914133,12159.932328758878
2025-06-12 11:00:00,12277.0,12231.018682226186,11976.041487012099,12404.12190518482
2025-06-12 12:00:00,12641.0,12506.034303526458,12221.392327863428,12727.629381005218
2025-06-12 13:00:00,13031.0,12726.705264670143,12461.695795109683,12890.607137410734
2025-06-12 14:00:00,13089.0,13179.630918357574,12941.35345915994,13394.716345831685
2025-06-12 15:00:00,13042.0,12884.19395962286,12709.882328966718,13136.494433069518
2025-06-12 16:00:00,12543.0,12715.915565111773,12540.734825793543,13022.757090735011
2025-06-12 17:00:00,11874.0,12238.232257365687,11969.464681319289,12648.435705442183
2025-06-12 18:00:00,13730.0,13630.70587526122,12597.723155372572,14188.512265347881
2025-06-12 19:00:00,14320.0,13997.66018743689,13739.999590296304,14185.163361575747
2025-06-12 20:00:00,14770.0,14430.05399051964,14147.058560083127,14664.412687653132
2025-06-12 21:00:00,14880.0,14707.027500377237,14459.290713024851,14916.33370180172
2025-06-12 22:00:00,15080.0,14733.833943997959,14461.954503667035,14926.33957018385
2025-06-12 23:00:00,15080.0,14858.319512830156,14613.93886897344,15043.06454273592
2025-06-13 00:00:00,14850.0,14670.966367460465,14408.178219710015,14838.089193586646
2025-06-13 01:00:00,14550.0,14511.431410563973,14238.353357224581,14699.873237967697
2025-06-13 02:00:00,14270.0,14247.959897862404,13903.504520843186,14435.244962907553
2025-06-13 03:00:00,13850.0,14082.140555042679,13810.205426330693,14241.050288732053
2025-06-13 04:00:00,13680.0,13589.949212513355,13317.716696385356,13773.154711943975
2025-06-13 05:00:00,12976.0,13096.53879061713,12703.46215915294,13521.273454923585
2025-06-13 06:00:00,12639.0,12631.864604223325,12373.25670607796,12890.567892156427
2025-06-13 07:00:00,12445.0,12408.549624018595,12328.867139707252,12756.681984492438
2025-06-13 08:00:00,12156.0,12380.000000546746,12178.599349303535,12803.150814653894
2025-06-13 09:00:00,12068.0,12149.29890725688,11938.87484097902,12529.17986975916
2025-06-13 10:00:00,12226.0,12138.608816797687,12012.212830236487,12411.549789290979
2025-06-13 11:00:00,12523.0,12542.36969606375,12213.710150418203,12627.928623763573
2025-06-13 12:00:00,13322.0,12805.449129518618,12506.797159128155,13008.365795598087
2025-06-13 13:00:00,13048.0,13238.019417229621,12987.834775682713,13617.745211571053
2025-06-13 14:00:00,13275.0,13153.519897767965,12945.570830886605,13351.868889477073
2025-06-13 15:00:00,13194.0,13014.637984405608,12863.478496295698,13291.748363385865
2025-06-13 16:00:00,12801.0,12757.731605628911,12583.71227846978,13055.43529149035
2025-06-13 17:00:00,12162.0,12413.374855729538,12133.585158923921,12773.304168986977
2025-06-13 18:00:00,13969.0,13962.463673346418,12959.018293561474,14181.237485098029
2025-06-13 19:00:00,14750.0,14214.554097028618,13899.667420156762,14454.039284993965
2025-06-13 20:00:00,15290.0,14946.007529458033,14539.098223568259,15174.805373363935
2025-06-13 21:00:00,15410.0,15161.020707769665,14944.731160068784,15332.366883488401
2025-06-13 22:00:00,15490.0,15468.935095600442,15099.980493114399,15641.036608248769
2025-06-13 23:00:00,15650.0,15423.047819187777,15092.96455741665,15568.980947495567
2025-06-14 00:00:00,15410.0,15227.296607682403,14950.031880041586,15455.453517275144
2025-06-14 01:00:00,14880.0,15292.488072962815,14892.069277471777,15528.344129187344
2025-06-14 02:00:00,14730.0,14566.206061819455,14338.330538989178,14754.580032543012
2025-06-14 03:00:00,14460.0,14328.438426149827,14125.400738507307,14526.071201115006
2025-06-14 04:00:00,14100.0,14239.552716783906,13947.556591190865,14442.19597357991
2025-06-14 05:00:00,13230.0,13652.677542952812,13274.920708010482,13814.773488477827
2025-06-14 06:00:00,12980.0,13099.616332559945,12852.54809759029,13263.309615505663
2025-06-14 07:00:00,12835.0,12901.111694942267,12641.204635966904,13110.315240119538
2025-06-14 08:00:00,12712.0,13024.465702773019,12654.896750156504,13238.252465552156
2025-06-14 09:00:00,12986.0,12880.674767838143,12493.718701794603,13142.714590503729
2025-06-14 10:00:00,12850.0,13168.873462131565,12798.614092175163,13481.7395316161
2025-06-14 11:00:00,13301.0,13175.747948647553,12932.417307955071,13462.29302682984
2025-06-14 12:00:00,13781.0,13626.35304885649,13325.098321665513,13900.381516482574
2025-06-14 13:00:00,13898.0,13909.387044461784,13660.82098709045,14060.954797345441
2025-06-14 14:00:00,14123.0,14082.135019957308,13726.094882638237,14266.627172148377
2025-06-14 15:00:00,13950.0,14112.546964275116,13868.133222620023,14207.060197935556
2025-06-14 16:00:00,13573.0,13752.163912742919,13474.222634454534,13918.967124226225
2025-06-14 17:00:00,12689.0,13321.573572797031,12727.664197846389,13547.141562773702
2025-06-14 18:00:00,14546.0,14390.927367692113,13552.555904688861,14618.7691309583
2025-06-14 19:00:00,15182.0,14799.1121615788,14339.981795052638,14899.594721063477
2025-06-14 20:00:00,15487.0,15453.166316520523,15005.03881454442,15623.298429686753
2025-06-14 21:00:00,15521.0,15573.830197813242,15121.096300796877,15739.999266857121
2025-06-14 22:00:00,15617.0,15582.43406190149,15121.096300796877,15739.999266857121
2025-06-14 23:00:00,15725.0,15520.312864679752,15121.096300796877,15633.698187887621
2025-06-15 00:00:00,15350.0,15336.516759137472,15026.731192820203,15457.512581164168
2025-06-15 01:00:00,15120.0,14976.5456113321,14817.296698494209,15177.97626794898
2025-06-15 02:00:00,14665.0,14790.158214342246,14511.866370241776,14974.21239935577
2025-06-15 03:00:00,14346.0,14347.310082253467,14131.427850302023,14526.566637080989
2025-06-15 04:00:00,13929.0,14109.81486199995,13853.75312119169,14356.109103217279
2025-06-15 05:00:00,13376.0,13558.328140159017,13175.545205783035,13820.741878808605
2025-06-15 06:00:00,13013.0,13212.107122292226,12993.706506487033,13394.049032440742
2025-06-15 07:00:00,13078.0,13052.408993539815,12754.407787688093,13282.021193866543
2025-06-15 08:00:00,13319.0,13243.440428688004,12851.803059869024,13442.51310032268
2025-06-15 09:00:00,13631.0,13551.042355336962,13171.609512796495,13790.497553775891
2025-06-15 10:00:00,13779.0,13917.969076796382,13671.660859535394,14192.78271283598
2025-06-15 11:00:00,14143.0,14088.486313575502,13743.851655094537,14271.890324983911
2025-06-15 12:00:00,14069.0,14352.694432700402,14075.392781146902,14642.13608355045
2025-06-15 13:00:00,14091.0,14184.064214307433,13924.467618210056,14392.20632867522
2025-06-15 14:00:00,14065.0,14251.616489777902,13921.186424484575,14426.786771310954
2025-06-15 15:00:00,14210.0,14020.329549158356,13700.007196198318,14188.53138904786
2025-06-15 16:00:00,13722.0,13974.059581290267,13707.974874156951,14141.22410014838
2025-06-15 17:00:00,13097.0,13514.742420289114,13093.067808724023,13815.783517393058
2025-06-15 18:00:00,14735.0,14703.964305440628,13979.21654983161,15190.007888069089
2025-06-15 19:00:00,15300.0,14898.536444749814,14477.627084054966,15096.578924824737
2025-06-15 20:00:00,15640.0,15442.234145613964,15009.803722467823,15709.513709741863
2025-06-15 21:00:00,15460.0,15546.6228799114,15121.096300796877,15760.110442990017
2025-06-15 22:00:00,15585.0,15540.342414890365,15121.096300796877,15760.110442990017
2025-06-15 23:00:00,15490.0,15489.91318737397,15121.096300796877,15626.263354372551
2025-06-16 00:00:00,15262.0,15284.270299424617,15026.731192820203,15428.043306605588
2025-06-16 01:00:00,14790.0,15025.446100279722,14844.211844487154,15164.589164551591
2025-06-16 02:00:00,14550.0,14583.932242570834,14332.20249497027,14734.239858869198
2025-06-16 03:00:00,14217.0,14256.270529742258,13968.412428141723,14433.702237272808
2025-06-16 04:00:00,13923.0,13953.221018142842,13752.58094506947,14157.935266642931
2025-06-16 05:00:00,13079.0,13536.893501459987,13240.22812633211,13802.448606713406
2025-06-16 06:00:00,12970.0,12944.559517011814,12683.847240389821,13126.65525148633
2025-06-16 07:00:00,12646.0,12976.62837198336,12693.79579257066,13159.17959742538
2025-06-16 08:00:00,12876.0,12926.580739019879,12547.807557294738,13124.459578166963
2025-06-16 09:00:00,13155.0,13151.102413373497,12762.099927001242,13405.471864376545
2025-06-16 10:00:00,13569.0,13436.857107038204,13175.167660472203,13744.831880445101
2025-06-16 11:00:00,13816.0,13885.908992817416,13597.27697558412,14140.956727007939
2025-06-16 12:00:00,14226.0,14072.602853745218,13797.24807259565,14363.35920771472
2025-06-16 13:00:00,14125.0,14265.784684550432,14010.578914464177,14494.70291565694
2025-06-16 14:00:00,14344.0,14299.557484051875,14029.125474885865,14549.057368606458
2025-06-16 15:00:00,14296.0,14265.565574839016,14014.423153725837,14448.188740235675
2025-06-16 16:00:00,13747.0,14090.225182927117,13871.577331441822,14270.613262783318
2025-06-16 17:00:00,12870.0,13488.661020609348,13056.013680056518,13791.19772823502
2025-06-16 18:00:00,14464.5,14620.665654874747,13756.84031677601,14973.484371068662
2025-06-16 19:00:00,15034.0,14755.838828753629,14367.809457674643,14889.263505485658
2025-06-16 20:00:00,15035.0,15264.12610146632,14818.416330295287,15508.145229590049
2025-06-16 21:00:00,15000.0,15086.91997110529,14775.607465062201,15277.146386036744
2025-06-16 22:00:00,15130.0,15079.559180121014,14775.607465062201,15260.323965720383
2025-06-16 23:00:00,15205.0,14985.003959728654,14692.06435388537,15165.139982071556
2025-06-17 00:00:00,14650.0,14955.028644371016,14834.65369624653,15126.46261946082
2025-06-17 01:00:00,14115.0,14295.682412817487,14083.545439094773,14487.22320491859
2025-06-17 02:00:00,13719.0,13842.657857717822,13562.153778147309,14006.429916029714
2025-06-17 03:00:00,13280.0,13535.300145825295,13292.312987821124,13716.117550356805
2025-06-17 04:00:00,12698.0,13058.037128194315,12831.026720687045,13266.29167445271
2025-06-17 05:00:00,12062.0,12229.444070563239,11882.01432252136,12522.72881032974
2025-06-17 06:00:00,11805.0,11919.650845813283,11509.929290558175,12223.915510867786
2025-06-17 07:00:00,11745.0,11869.41083547739,11478.724652661076,12299.565805071099
2025-06-17 08:00:00,11896.0,12062.217170533624,11638.948899191388,12483.897629297226
2025-06-17 09:00:00,12290.0,12236.161054671176,11876.223848422436,12559.578048453177
2025-06-17 10:00:00,12443.0,12606.778532194816,12343.941281012254,12808.924138679462
2025-06-17 11:00:00,12826.0,12844.696000653214,12538.594091918627,13025.611357070362
2025-06-17 12:00:00,13139.0,13127.098336056637,12702.954446511141,13360.10709500772
